id,name,email,password,skillToLearn,profilePicture
1,Nicola Cruz,user1@example.com,prueba,Skate/Breathing,https://res.cloudinary.com/digcf0lad/image/upload/v1730665703/Project%2012/users/venrick-azcueta-17qa33WJ6zI-unsplash_xz7zcj.webp
2,Ana Morales,user2@example.com,prueba,Photography,https://res.cloudinary.com/digcf0lad/image/upload/v1730665698/Project%2012/users/julian-wan-2EdIX-O2lkI-unsplash_s4qwwt.webp
3,John Smith,user3@example.com,prueba,Guitar,https://res.cloudinary.com/digcf0lad/image/upload/v1730665694/Project%2012/users/skate__xs9gkw.jpg
4,Mia Zhang,user4@example.com,prueba,Spanish,https://res.cloudinary.com/digcf0lad/image/upload/v1730665698/Project%2012/users/2b25b991-247f-45a3-9b2f-6bbdea2be816_rzmpoq.jpg
5,Carlos Ruiz,user5@example.com,prueba,Coding/Graphic Design,https://res.cloudinary.com/digcf0lad/image/upload/v1730665694/Project%2012/users/alex-suprun-1JGHAAdbL_Y-unsplash_dhsl5m.webp
6,Lucas Nascimento,user6@example.com,prueba,Public Speaking,https://res.cloudinary.com/digcf0lad/image/upload/v1730665700/Project%2012/users/STARSEEDS_sustainable_sportswear_brand_kcu4du.jpg
7,Sophia Nguyen,user7@example.com,prueba,Yoga,https://res.cloudinary.com/digcf0lad/image/upload/v1730665698/Project%2012/users/The_physical_postures_or_asanas_in_yoga_are_often_designed_to_be_visually_pleasing_and_symmetrical_ot48qx.jpg
8,Ethan Brown,user8@example.com,prueba,Fitness,https://res.cloudinary.com/digcf0lad/image/upload/v1730665695/Project%2012/users/Physical_fitness_vbe6tl.jpg
9,Alice Tan,user9@example.com,prueba,Pilates,https://res.cloudinary.com/digcf0lad/image/upload/v1730665700/Project%2012/users/Health_and_Wellness_hnqkgj.jpg
10,Emma Green,user10@example.com,prueba,Cooking,https://res.cloudinary.com/digcf0lad/image/upload/v1730666263/Project%2012/users/boxed-water-is-better-psn1W9mFWps-unsplash_m2wcw7.webp
11,Gavin Fuller,user11@example.com,prueba,Meditation,https://randomuser.me/api/portraits/men/4.jpg
11,Calvin Wallace,user11@example.com,prueba,Ballet,https://randomuser.me/api/portraits/men/83.jpg
12,رونیکا سالاری,user12@example.com,prueba,Cycling,https://randomuser.me/api/portraits/women/86.jpg
13,Marcus Kristensen,user13@example.com,prueba,Gardening,https://randomuser.me/api/portraits/men/28.jpg
14,Erica Bjørkum,user14@example.com,prueba,Drawing,https://randomuser.me/api/portraits/women/25.jpg
15,Lou Colin,user15@example.com,prueba,Sculpting,https://randomuser.me/api/portraits/women/33.jpg
16,Candice Vidal,user16@example.com,prueba,Music Theory,https://randomuser.me/api/portraits/women/55.jpg
17,Josh Spencer,user17@example.com,prueba,Fencing,https://randomuser.me/api/portraits/men/13.jpg
18,Ercílio Souza,user18@example.com,prueba,Swimming,https://randomuser.me/api/portraits/men/57.jpg
19,Liam Nguyen,user19@example.com,prueba,Dancing,https://randomuser.me/api/portraits/men/82.jpg
20,سپهر محمدخان,user20@example.com,prueba,Chess,https://randomuser.me/api/portraits/men/78.jpg
21,Kathryn Butler,user21@example.com,prueba,Salsa,https://randomuser.me/api/portraits/women/23.jpg
22,Rose Østgaard,user22@example.com,prueba,Writing,https://randomuser.me/api/portraits/women/71.jpg
23,Barrie Onstein,user23@example.com,prueba,Calligraphy,https://randomuser.me/api/portraits/men/24.jpg
24,Klara Greulich,user24@example.com,prueba,Judo,https://randomuser.me/api/portraits/women/59.jpg
25,Guillermo Orosco,user25@example.com,prueba,Baseball,https://randomuser.me/api/portraits/men/42.jpg
26,Arndt Weidinger,user26@example.com,prueba,Football,https://randomuser.me/api/portraits/men/9.jpg
27,Victoria Amador,user27@example.com,prueba,Brazilian Jiu-Jitsu,https://randomuser.me/api/portraits/women/5.jpg
28,Branko Stiller,user28@example.com,prueba,Drawing,https://randomuser.me/api/portraits/men/18.jpg
29,Vernon Day,user29@example.com,prueba,Aikido,https://randomuser.me/api/portraits/men/18.jpg
30,Curtis Fisher,user30@example.com,prueba,Tennis,https://randomuser.me/api/portraits/men/1.jpg
31,Ana Sáez,user31@example.com,prueba,Painting,https://randomuser.me/api/portraits/women/32.jpg
32,Silas Madsen,user32@example.com,prueba,Skiing,https://randomuser.me/api/portraits/men/18.jpg
33,Kübra Akar,user33@example.com,prueba,Cooking,https://randomuser.me/api/portraits/women/63.jpg
34,Agustín Vicente,user34@example.com,prueba,Barbecue,https://randomuser.me/api/portraits/men/28.jpg
35,Zoé Nicolas,user35@example.com,prueba,Hiking,https://randomuser.me/api/portraits/women/76.jpg
36,Latife Çankaya,user36@example.com,prueba,Sculpting,https://randomuser.me/api/portraits/women/15.jpg
37,Svitolik Danilyuk,user37@example.com,prueba,Web Design,https://randomuser.me/api/portraits/men/75.jpg
38,Jar Johnston,user38@example.com,prueba,Knitting,https://randomuser.me/api/portraits/men/69.jpg
39,Ninon Fontai,user39@example.com,prueba,Spiritual Healing,https://randomuser.me/api/portraits/women/70.jpg
40,Leo Koskela,user40@example.com,prueba,Herbalism,https://randomuser.me/api/portraits/men/98.jpg
41,Live Aasland,user41@example.com,prueba,Volleyball,https://randomuser.me/api/portraits/women/55.jpg
42,Walther Jablonski,user42@example.com,prueba,Graphic Design,https://randomuser.me/api/portraits/men/52.jpg
43,Joel Boyd,user43@example.com,prueba,Creative Writing,https://randomuser.me/api/portraits/men/76.jpg
44,Vincent Dean,user44@example.com,prueba,Pottery,https://randomuser.me/api/portraits/men/31.jpg
45,Victoria Harrison,user45@example.com,prueba,Sewing,https://randomuser.me/api/portraits/women/25.jpg
46,Aymeric Moreau,user46@example.com,prueba,Origami,https://randomuser.me/api/portraits/men/33.jpg
47,Erique Monteiro,user47@example.com,prueba,Drumming,https://randomuser.me/api/portraits/men/70.jpg
48,Daphné Philippe,user48@example.com,prueba,Running,https://randomuser.me/api/portraits/women/1.jpg
49,تارا احمدی,user49@example.com,prueba,Boxing,https://randomuser.me/api/portraits/women/34.jpg
50,Abigail Weij,user50@example.com,prueba,Computer Science,https://randomuser.me/api/portraits/women/23.jpg
51,John Gil,user51@example.com,prueba,Nature Photography,https://randomuser.me/api/portraits/men/57.jpg
52,Harsh Holla,user52@example.com,prueba,Knitting,https://randomuser.me/api/portraits/men/49.jpg
53,Gustav Madsen,user53@example.com,prueba,Fashion Design,https://randomuser.me/api/portraits/men/69.jpg
54,Mark Hall,user54@example.com,prueba,Surf Culture,https://randomuser.me/api/portraits/men/29.jpg
55,Eva Wong,user55@example.com,prueba,Tai Chi,https://randomuser.me/api/portraits/women/52.jpg
56,Kaïs Leroy,user56@example.com,prueba,Self-Defense,https://randomuser.me/api/portraits/men/7.jpg
57,Dwight Vargas,user57@example.com,prueba,Archery,https://randomuser.me/api/portraits/men/0.jpg
58,Jauke Postema,user58@example.com,prueba,Crossfit,https://randomuser.me/api/portraits/men/71.jpg
59,Justus Böck,user59@example.com,prueba,Spiritual Guidance,https://randomuser.me/api/portraits/men/58.jpg
60,Reinhold Ketterer,user60@example.com,prueba,Bird Watching,https://randomuser.me/api/portraits/men/46.jpg
61,پوریا زارعی,user61@example.com,prueba,Surf Culture,https://randomuser.me/api/portraits/men/35.jpg
62,Morris Chambers,user62@example.com,prueba,Piano Playing,https://randomuser.me/api/portraits/men/86.jpg
63,Charles Gauthier,user63@example.com,prueba,Bodybuilding,https://randomuser.me/api/portraits/men/3.jpg
64,Valdemar Poulsen,user64@example.com,prueba,Skate Culture,https://randomuser.me/api/portraits/men/70.jpg
65,Oliver Kristensen,user65@example.com,prueba,Feng Shui,https://randomuser.me/api/portraits/men/1.jpg
66,یلدا کوتی,user66@example.com,prueba,Tattoo Art,https://randomuser.me/api/portraits/women/37.jpg
67,Ayşe Korol,user67@example.com,prueba,Lacrosse,https://randomuser.me/api/portraits/women/35.jpg
68,Frank Bishop,user68@example.com,prueba,Public Speaking,https://randomuser.me/api/portraits/men/80.jpg
69,Alfred Olson,user69@example.com,prueba,Mindfulness,https://randomuser.me/api/portraits/men/31.jpg
70,Brenna Ooijevaar,user70@example.com,prueba,Street Art,https://randomuser.me/api/portraits/women/32.jpg
71,Frederikke Jensen,user71@example.com,prueba,Camping,https://randomuser.me/api/portraits/men/26.jpg
72,Alexander Hall,user72@example.com,prueba,Canoeing,https://randomuser.me/api/portraits/men/90.jpg
73,Celia Moreno,user73@example.com,prueba,Snowboarding,https://randomuser.me/api/portraits/women/67.jpg
74,Eetu Huotari,user74@example.com,prueba,Woodworking,https://randomuser.me/api/portraits/men/92.jpg
75,Heather Simpson,user75@example.com,prueba,Photography,https://randomuser.me/api/portraits/women/81.jpg
76,Shilpa Shet,user76@example.com,prueba,Rock Climbing,https://randomuser.me/api/portraits/women/94.jpg
77,Nilce Peixoto,user77@example.com,prueba,Parkour,https://randomuser.me/api/portraits/women/12.jpg
78,Vildan Keseroğlu,user78@example.com,prueba,Horseback Riding,https://randomuser.me/api/portraits/women/36.jpg
79,Isabella Harcourt,user79@example.com,prueba,Golf,https://randomuser.me/api/portraits/women/3.jpg
80,Lauri Laurila,user80@example.com,prueba,Photography,https://randomuser.me/api/portraits/men/57.jpg
81,Akshitha Shetty,user81@example.com,prueba,French Cooking,https://randomuser.me/api/portraits/women/71.jpg
82,Barış Taşçı,user82@example.com,prueba,Candle Making,https://randomuser.me/api/portraits/men/95.jpg
83,Cesar Martínez,user83@example.com,prueba,Yoga Nidra,https://randomuser.me/api/portraits/men/39.jpg
84,Julián Sáez,user84@example.com,prueba,Baking,https://randomuser.me/api/portraits/men/2.jpg
85,Aida de Jesús,user85@example.com,prueba,Personal Branding,https://randomuser.me/api/portraits/women/57.jpg
86,Gülşen Greidanus,user86@example.com,prueba,Cycling,https://randomuser.me/api/portraits/women/67.jpg
87,Russell Roberts,user87@example.com,prueba,Scrapbooking,https://randomuser.me/api/portraits/men/71.jpg
88,Layla King,user88@example.com,prueba,Astronomy,https://randomuser.me/api/portraits/women/23.jpg
89,Janno Henskens,user89@example.com,prueba,Fishing,https://randomuser.me/api/portraits/men/8.jpg
90,Solveig Hauck,user90@example.com,prueba,Cooking Classes,https://randomuser.me/api/portraits/women/35.jpg
91,Alexander Carr,user91@example.com,prueba,Barista Skills,https://randomuser.me/api/portraits/men/15.jpg
92,Lola Owens,user92@example.com,prueba,Mindfulness Meditation,https://randomuser.me/api/portraits/women/66.jpg
93,مارال احمدی,user93@example.com,prueba,Tennis Coaching,https://randomuser.me/api/portraits/women/44.jpg
94,Joselino Araújo,user94@example.com,prueba,CrossFit Training,https://randomuser.me/api/portraits/men/28.jpg
95,Dalemir Yastrzhembskiy,user95@example.com,prueba,Poetry Writing,https://randomuser.me/api/portraits/men/66.jpg
96,Nilab Hartholt,user96@example.com,prueba,Beekeeping,https://randomuser.me/api/portraits/women/78.jpg
97,Amber Gray,user97@example.com,prueba,Jewelry Making,https://randomuser.me/api/portraits/women/45.jpg
98,Ariadna Manzanares,user98@example.com,prueba,Chinese Calligraphy,https://randomuser.me/api/portraits/women/2.jpg
99,Bernhard Michel,user99@example.com,prueba,Yoga Therapy,https://randomuser.me/api/portraits/men/34.jpg
100,Alma Møller,user100@example.com,prueba,Guitar Playing,https://randomuser.me/api/portraits/women/53.jpg